Pair,Final Beta (Kalman),OU Half-Life (Bars),Initial Capital,Final Capital,Net Profit ($),Return (%),Total Trades,Win Rate (%),Max Drawdown (%)
MSFT / TSM,1.0888619750457587,0.2931286674107643,100000.0,102636.98282647415,2636.982826474152,2.636982826474152,6,83.33333333333334,-0.07366088475660128
ORCL / MU,0.12819954657978477,0.10950232001644805,100000.0,102173.49223211715,2173.492232117147,2.1734922321171473,9,66.66666666666666,-0.23057915254681188
NVDA / AMAT,0.43216524379292415,0.18948172082468645,100000.0,102069.0336796949,2069.0336796948977,2.0690336796948974,16,68.75,-0.31535175268488297
MSFT / AMD,0.8028817010731788,0.37141098553816204,100000.0,101828.95949174861,1828.9594917486102,1.82895949174861,5,60.0,-0.866372790834613
AMD / KLAC,3.05325976904261,0.19118286155330344,100000.0,101753.54851098516,1753.548510985158,1.7535485109851578,8,62.5,-0.3212553455459856
AMD / LRCX,1.8190693070910717,0.10931148896990808,100000.0,101277.22872533927,1277.2287253392715,1.2772287253392716,7,71.42857142857143,-0.15205700277826692
AAPL / AMD,0.5194524049681586,0.4284395622322655,100000.0,101258.33905536045,1258.339055360455,1.258339055360455,7,71.42857142857143,-0.5963220734540761
NVDA / LRCX,0.6674939471558766,0.12111501425653767,100000.0,101161.4173054483,1161.4173054482962,1.1614173054482961,11,81.81818181818183,-0.10221143436633419
ORCL / AVGO,0.3972935136627161,0.186283861900979,100000.0,101069.82742586458,1069.8274258645833,1.0698274258645832,6,83.33333333333334,-0.012650098314319621
AMZN / TXN,0.8521033104873188,0.1053419139128122,100000.0,100882.92851616984,882.9285161698353,0.8829285161698354,6,83.33333333333334,-0.08861122434439253
ORCL / QCOM,0.7598267238061697,0.3386906320055926,100000.0,100842.1604139239,842.1604139239062,0.8421604139239062,8,62.5,-0.4469892061978311
LRCX / TSM,0.7348172750127983,0.11807354072805358,100000.0,100241.13033894794,241.13033894794353,0.24113033894794353,7,57.14285714285714,-0.2453506489640842
NVDA / TSM,0.49454874170000857,0.12268101273409412,100000.0,100081.63388291368,81.63388291368028,0.08163388291368029,9,66.66666666666666,-0.5169906550955702
NVDA / KLAC,1.118927264963546,0.1193700351011718,100000.0,100030.62002123719,30.620021237191395,0.030620021237191396,8,75.0,-1.3165154031257893
GOOGL / LRCX,0.9703440570889912,0.19711425667758087,100000.0,99978.06934628538,-21.93065371461853,-0.02193065371461853,7,42.857142857142854,-0.8576077406308885
AAPL / MSFT,0.6444317673241879,0.6732602444902006,100000.0,99973.86114832669,-26.138851673313184,-0.026138851673313184,7,42.857142857142854,-0.4019030702002193
AMD / TSM,1.3404454602414118,0.1793778566217084,100000.0,99949.55116865152,-50.44883134847623,-0.050448831348476234,8,50.0,-0.9683261424800295
AAPL / QCOM,1.7882103624083674,0.11995782010808013,100000.0,99936.87052769815,-63.12947230185091,-0.06312947230185091,10,40.0,-0.6055830556283035
AMD / AMAT,1.1729725734754672,0.2446477042117319,100000.0,99933.25610019018,-66.74389980982232,-0.06674389980982232,6,33.33333333333333,-0.5344808163950802
GOOGL / ADI,0.8218335400543367,0.13653488927302235,100000.0,99905.6086893798,-94.39131062019442,-0.09439131062019442,9,55.55555555555556,-0.731656362730302
TXN / ADI,0.7039580043795648,0.2859043169685716,100000.0,99900.167123857,-99.83287614300207,-0.09983287614300207,5,60.0,-0.3452886984687845
AMZN / MU,0.22839211725392447,0.22066278534507858,100000.0,99807.88605983014,-192.11394016986014,-0.19211394016986014,9,44.44444444444444,-1.1194372302210498
NVDA / AMD,0.36666473863484794,0.12397524344384693,100000.0,99653.77922490636,-346.2207750936359,-0.34622077509363586,9,55.55555555555556,-0.7112254946116666
GOOGL / TSM,0.7241154075994781,0.18154454806899664,100000.0,99629.76370558357,-370.23629441643425,-0.37023629441643424,8,37.5,-0.8702723244365915
ORCL / ADI,0.33999477486081897,0.19826455200609033,100000.0,99456.40716794891,-543.5928320510866,-0.5435928320510865,7,57.14285714285714,-0.7589924487836133
MSFT / QCOM,2.768237748673709,0.33664955688593956,100000.0,99373.30352379316,-626.6964762068383,-0.6266964762068383,8,62.5,-1.8917612374041353
AMAT / TSM,1.1415102795147083,0.16453854730037235,100000.0,99292.88257213899,-707.1174278610124,-0.7071174278610124,6,33.33333333333333,-0.7774784742836468
AAPL / KLAC,1.5652756831585195,0.3809688390903559,100000.0,99098.0883055623,-901.911694437702,-0.901911694437702,9,44.44444444444444,-2.977059497099709
GOOGL / ORCL,2.383860224392771,0.15300494302036757,100000.0,99014.58118284303,-985.4188171569695,-0.9854188171569694,6,50.0,-1.726966403534134
GOOGL / AVGO,0.961871168441363,0.23716969010219838,100000.0,98877.27659972392,-1122.7234002760815,-1.1227234002760815,6,50.0,-1.141765069902429
QCOM / ADI,0.4427674458214513,0.1452526405989761,100000.0,98862.30277438783,-1137.6972256121662,-1.1376972256121662,4,50.0,-1.385916515734134
AVGO / ADI,0.8505066313815987,0.15000861565648158,100000.0,98856.31013185724,-1143.6898681427556,-1.1436898681427556,7,28.57142857142857,-1.1436898681427556
QCOM / KLAC,0.8755074559316754,0.13356012027831574,100000.0,98684.76039961503,-1315.2396003849717,-1.3152396003849718,9,55.55555555555556,-2.5478630622656877
MSFT / LRCX,1.4464981177412624,0.27697919233845436,100000.0,98398.00097912525,-1601.9990208747477,-1.6019990208747474,5,60.0,-4.219110865023521
