Pair,Final Beta (Kalman),OU Half-Life (Days),Initial Capital,Final Capital,Net Profit ($),Return (%),Total Trades,Win Rate (%),Max Drawdown (%)
LTC-USD / XLM-USD,22.20849670689432,2.1646788617252364,100000.0,121259.68630566883,21259.68630566883,21.259686305668833,2,100.0,0.0
ALGO-USD / AR-USD,0.01885953482671013,0.4696777719310614,100000.0,102367.93050440846,2367.9305044084613,2.367930504408461,3,100.0,0.0
AR-USD / NEAR-USD,0.7658453152316246,0.6378193751132144,100000.0,102285.266414547,2285.2664145470044,2.2852664145470043,3,100.0,0.0
ALGO-USD / NEAR-USD,0.015904440013178426,0.4844270083171105,100000.0,102185.37776873697,2185.377768736973,2.1853777687369726,3,100.0,0.0
AR-USD / DOT-USD,2.6531759770556773,1.9467884070329697,100000.0,102053.29837343535,2053.2983734353475,2.0532983734353474,3,66.66666666666666,-1.700053780645059
ICP-USD / SHIB-USD,2.9909178925347355e-05,0.9466752167453629,100000.0,102024.50354901579,2024.5035490157898,2.02450354901579,3,100.0,0.0
FIL-USD / SHIB-USD,1.1758530441137727e-05,1.1062975198984677,100000.0,101638.58025152673,1638.5802515267278,1.6385802515267278,3,100.0,0.0
ICP-USD / PYTH-USD,0.3734956380545117,0.9396456305641409,100000.0,101599.74488580723,1599.7448858072312,1.5997448858072312,3,100.0,0.0
AR-USD / FIL-USD,3.103243683516719,2.5074090633924704,100000.0,101597.6590899995,1597.6590899995063,1.5976590899995062,2,50.0,-1.2391674227946932
FIL-USD / OP-USD,0.36566510825128046,1.0741185871358239,100000.0,101470.00490088634,1470.0049008863425,1.4700049008863425,3,100.0,0.0
FIL-USD / ICP-USD,0.28679368635583186,0.7300074496052671,100000.0,101240.71930908943,1240.7193090894289,1.2407193090894288,3,66.66666666666666,-0.07376798935750392
AKT-USD / RUNE-USD,0.36174116465699785,1.4998211162489614,100000.0,101177.89710770514,1177.8971077051392,1.1778971077051392,3,100.0,0.0
AR-USD / XLM-USD,1.8005368264408903,3.0133902203588647,100000.0,101109.4598316105,1109.4598316104966,1.1094598316104967,2,50.0,-1.4482662066611665
HBAR-USD / LDO-USD,0.05015220284286099,0.6026926711110581,100000.0,101101.64937649899,1101.6493764989864,1.1016493764989863,3,66.66666666666666,-0.5703737050381024
CAKE-USD / LTC-USD,0.03603794457365977,,100000.0,101041.07788646624,1041.0778864662425,1.0410778864662427,4,100.0,0.0
ALGO-USD / AVAX-USD,0.01095601092189925,0.454294445993381,100000.0,100924.66113609346,924.6611360934621,0.9246611360934621,3,66.66666666666666,-0.19958363373398058
ATOM-USD / SHIB-USD,1.6265656759585712e-05,1.5640062190904254,100000.0,100874.51628894803,874.5162889480271,0.8745162889480271,1,100.0,0.0
ALGO-USD / OP-USD,0.03789930486617596,1.5017496362720018,100000.0,100789.07625528733,789.0762552873348,0.7890762552873348,2,100.0,0.0
LINK-USD / LTC-USD,0.19907364929536966,,100000.0,100748.25214189659,748.2521418965916,0.7482521418965916,2,100.0,0.0
ALGO-USD / FET-USD,0.055888679931388595,1.3986803462727153,100000.0,100747.42377762162,747.4237776216178,0.7474237776216178,2,100.0,0.0
ATOM-USD / DOGE-USD,0.34679642193206645,1.5595090829113565,100000.0,100740.55985905504,740.5598590550362,0.7405598590550362,1,100.0,0.0
AKT-USD / ICP-USD,0.16981989787824261,0.6286778753961784,100000.0,100726.92450805572,726.9245080557157,0.7269245080557157,3,66.66666666666666,-0.031172625626211675
ALGO-USD / SEI-USD,0.02206337480681962,1.545412672409415,100000.0,100720.3865464749,720.386546474896,0.720386546474896,2,100.0,0.0
ALGO-USD / PYTH-USD,0.018368069258089433,1.5517769509744501,100000.0,100706.6559777908,706.6559777907969,0.7066559777907969,2,100.0,0.0
ALGO-USD / LDO-USD,0.06638513932885483,1.1361351674866336,100000.0,100703.29093678719,703.2909367871907,0.7032909367871907,2,100.0,0.0
AR-USD / SNX-USD,2.420310297148269,3.062879413727122,100000.0,100670.08425897178,670.0842589717795,0.6700842589717795,2,50.0,-1.258461419586165
FET-USD / ICP-USD,0.06354300752872599,0.7204913372772456,100000.0,100620.28120576731,620.2812057673145,0.6202812057673145,4,75.0,-0.10712856914661824
AKT-USD / AR-USD,0.08896128140000381,0.8006851114548316,100000.0,100610.12622036724,610.1262203672377,0.6101262203672377,2,50.0,-0.08019877758528517
OP-USD / PYTH-USD,0.024216036996073418,2.014898746455774,100000.0,100524.10038384728,524.1003838472825,0.5241003838472825,2,50.0,-0.11834812945062004
DOGE-USD / SHIB-USD,1.2821225726718194e-06,1.942741442371757,100000.0,100521.87253525118,521.8725352511829,0.5218725352511828,1,100.0,0.0
DOGE-USD / SEI-USD,0.014575196758966411,1.940826318412985,100000.0,100521.20340896823,521.2034089682274,0.5212034089682275,1,100.0,0.0
DOGE-USD / PYTH-USD,0.011688206031881547,1.9378781139226477,100000.0,100520.82780977618,520.8278097761795,0.5208278097761795,1,100.0,0.0
DOGE-USD / LINK-USD,0.006527277317526977,0.2047520071517329,100000.0,100519.49581173237,519.4958117323695,0.5194958117323695,2,100.0,0.0
DOGE-USD / OP-USD,0.030845947839727505,1.9282403401870771,100000.0,100514.55145655252,514.5514565525227,0.5145514565525227,1,100.0,0.0
DOGE-USD / SNX-USD,0.049332813228531384,1.9138887967693998,100000.0,100510.17247296378,510.172472963779,0.510172472963779,1,100.0,0.0
DOGE-USD / FET-USD,0.04385327941194513,1.9832154514169988,100000.0,100507.96528465598,507.9652846559766,0.5079652846559766,1,100.0,0.0
OP-USD / SHIB-USD,1.7354553971505138e-06,2.0224094242785537,100000.0,100505.4812767334,505.4812767333933,0.5054812767333933,2,50.0,-0.12223128102344344
DOGE-USD / INJ-USD,0.009012188377480062,0.780622784398829,100000.0,100494.33305133256,494.3330513325636,0.49433305133256367,2,50.0,-0.5183249644540338
AR-USD / PYTH-USD,0.7648314378142236,3.0960718327732293,100000.0,100435.18927606879,435.1892760687915,0.4351892760687915,2,50.0,-1.5288683890781105
AVAX-USD / SNX-USD,5.412322352457745,2.585088281077929,100000.0,100414.71500316539,414.7150031653873,0.41471500316538734,2,50.0,-0.9483093362692306
LINK-USD / SOL-USD,0.11579054287728734,0.25105575802126084,100000.0,100412.26500256963,412.2650025696348,0.41226500256963483,1,100.0,0.0
DOGE-USD / NEAR-USD,0.009988284665164698,0.7400293400216588,100000.0,100380.44667179913,380.44667179913085,0.3804466717991309,2,50.0,-0.155596203819543
CAKE-USD / LINK-USD,0.17263357888403885,,100000.0,100374.3573228707,374.3573228706955,0.3743573228706955,2,50.0,-0.056891988019471346
AKT-USD / FET-USD,0.3630221451610972,1.7744918270601686,100000.0,100371.18603416884,371.18603416884434,0.3711860341688444,1,100.0,0.0
AAVE-USD / LTC-USD,2.5765794158791486,0.16802375131207054,100000.0,100369.84390896087,369.8439089608728,0.3698439089608728,1,100.0,0.0
ICP-USD / OP-USD,0.8394716200472933,0.9204699031344882,100000.0,100294.05653352971,294.0565335297142,0.2940565335297142,3,66.66666666666666,-0.11044884156685686
AKT-USD / PYTH-USD,0.08843110628314889,1.8494367431694165,100000.0,100282.99847734308,282.99847734307696,0.282998477343077,1,100.0,0.0
AKT-USD / OP-USD,0.2471805651268755,1.8153761423882968,100000.0,100232.52391847798,232.52391847797844,0.23252391847797846,1,100.0,0.0
DOGE-USD / FIL-USD,0.046333032625884805,1.5672219529194173,100000.0,100184.59637530241,184.59637530241162,0.1845963753024116,2,50.0,-0.08716630465351045
AAVE-USD / SOL-USD,1.4982220362856356,0.1335912356102639,100000.0,100172.94701000564,172.9470100056351,0.1729470100056351,1,100.0,0.0
AVAX-USD / INJ-USD,1.2172193036163939,0.65417886596919,100000.0,100159.14489995952,159.1448999595159,0.1591448999595159,2,100.0,0.0
LTC-USD / SOL-USD,0.5810941309036054,0.19288058236989652,100000.0,100146.63984377486,146.63984377485758,0.14663984377485756,1,100.0,0.0
DOGE-USD / LDO-USD,0.05461847602277139,1.887714225494071,100000.0,100105.12605577362,105.1260557736241,0.10512605577362412,1,100.0,0.0
AKT-USD / DOGE-USD,0.16299889798818193,1.8523002221431146,100000.0,100099.49504352977,99.4950435297651,0.09949504352976508,1,100.0,0.0
AR-USD / ATOM-USD,2.208870074737852,1.762935276279548,100000.0,100097.82301600052,97.82301600051869,0.0978230160005187,3,66.66666666666666,-1.4018426202944778
DOGE-USD / DOT-USD,0.04626049917780277,1.5194602919871907,100000.0,100097.66763754853,97.66763754852582,0.09766763754852582,2,50.0,-0.1276308702640963
CAKE-USD / SOL-USD,0.020965405802699677,,100000.0,100017.51702831645,17.517028316447977,0.017517028316447976,2,50.0,-0.045606378865632
DOGE-USD / ICP-USD,0.022547132591549036,0.8840366994155235,100000.0,100005.04593207796,5.045932077962789,0.0050459320779627885,2,50.0,-0.5077197800189169
ARB-USD / BCH-USD,2.010630644379269e-06,0.33486795297606037,100000.0,100000.00071573556,0.0007157355576055124,7.157355576055125e-07,2,100.0,0.0
CRV-USD / SOL-USD,0.003164492917638676,0.44356792581736243,100000.0,100000.0,0.0,0.0,0,0.0,0.0
DOGE-USD / RUNE-USD,0.04673593891288844,1.957324563388225,100000.0,100000.0,0.0,0.0,0,0.0,0.0
ARB-USD / XRP-USD,0.00014299467593455485,2.364945093248495,100000.0,100000.0,0.0,0.0,0,0.0,0.0
AAVE-USD / CRV-USD,88.44352181489715,1.8598440152627889,100000.0,100000.0,0.0,0.0,0,0.0,0.0
ARB-USD / SEI-USD,4.587011014351962e-05,2.1741545338577124,100000.0,100000.0,0.0,0.0,0,0.0,0.0
ARB-USD / XLM-USD,9.24671503691278e-05,1.9720517463444631,100000.0,100000.0,0.0,0.0,0,0.0,0.0
ARB-USD / INJ-USD,4.504668063495417e-05,0.8528150221241338,100000.0,100000.0,0.0,0.0,0,0.0,0.0
AAVE-USD / XLM-USD,55.071859724965975,2.017623348570461,100000.0,100000.0,0.0,0.0,0,0.0,0.0
ADA-USD / LDO-USD,0.14316633994901065,2.235564264791175,100000.0,100000.0,0.0,0.0,0,0.0,0.0
ARB-USD / ATOM-USD,0.00015421201044201794,1.0915116606389086,100000.0,100000.0,0.0,0.0,0,0.0,0.0
ARB-USD / BNB-USD,8.088842360588578e-07,0.2803722417414916,100000.0,100000.0,0.0,0.0,0,0.0,0.0
ARB-USD / BTC-USD,7.415606582229628e-09,0.3694497215495278,100000.0,100000.0,0.0,0.0,0,0.0,0.0
ARB-USD / CAKE-USD,0.00010777456893776128,0.7520142644778111,100000.0,100000.0,0.0,0.0,0,0.0,0.0
ARB-USD / CRV-USD,0.00011625719111725347,2.3000103256340565,100000.0,100000.0,0.0,0.0,0,0.0,0.0
ARB-USD / TRX-USD,0.00019820220792576918,2.1578749998411144,100000.0,100000.0,0.0,0.0,0,0.0,0.0
ARB-USD / DOT-USD,0.0001497901965151139,1.6299857716756436,100000.0,100000.0,0.0,0.0,0,0.0,0.0
ARB-USD / ETH-USD,2.346889475812153e-07,0.18440897353956365,100000.0,100000.0,0.0,0.0,0,0.0,0.0
ARB-USD / FET-USD,0.00012160224446177062,1.7552321647801283,100000.0,100000.0,0.0,0.0,0,0.0,0.0
ARB-USD / FIL-USD,0.00015264208295199483,0.9528432336609316,100000.0,100000.0,0.0,0.0,0,0.0,0.0
ARB-USD / HBAR-USD,5.891343069495226e-05,2.130424159976479,100000.0,100000.0,0.0,0.0,0,0.0,0.0
ARB-USD / ICP-USD,0.00010716209821937769,0.3613233143266815,100000.0,100000.0,0.0,0.0,0,0.0,0.0
ARB-USD / DOGE-USD,7.316636775498003e-05,2.165989544755482,100000.0,100000.0,0.0,0.0,0,0.0,0.0
ARB-USD / LDO-USD,0.0001769033271813704,1.2059653803886436,100000.0,100000.0,0.0,0.0,0,0.0,0.0
ARB-USD / RUNE-USD,0.00014484935577811092,1.393332180492092,100000.0,100000.0,0.0,0.0,0,0.0,0.0
ARB-USD / TON-USD,5.0751827156294245e-06,2.200050770742434,100000.0,100000.0,0.0,0.0,0,0.0,0.0
ARB-USD / LINK-USD,4.0767803085219105e-05,0.13178829852950466,100000.0,100000.0,0.0,0.0,0,0.0,0.0
ARB-USD / SOL-USD,5.253415649069677e-06,0.1846931318990806,100000.0,100000.0,0.0,0.0,0,0.0,0.0
ARB-USD / SNX-USD,0.00018825784945043563,1.785141392615781,100000.0,100000.0,0.0,0.0,0,0.0,0.0
ARB-USD / SHIB-USD,3.683188717818033e-09,2.2013288555373305,100000.0,100000.0,0.0,0.0,0,0.0,0.0
ARB-USD / TIA-USD,0.00015233578825909723,1.601680198297683,100000.0,100000.0,0.0,0.0,0,0.0,0.0
ARB-USD / PYTH-USD,3.409644784523727e-05,2.1841366520566865,100000.0,100000.0,0.0,0.0,0,0.0,0.0
ARB-USD / OP-USD,9.352260213823095e-05,2.1080418283011895,100000.0,100000.0,0.0,0.0,0,0.0,0.0
ARB-USD / NEAR-USD,2.993200439303221e-05,0.785098595059149,100000.0,100000.0,0.0,0.0,0,0.0,0.0
ARB-USD / MNT-USD,0.00017078638942918963,10.163850181515349,100000.0,100000.0,0.0,0.0,0,0.0,0.0
ARB-USD / LTC-USD,9.017130315239704e-06,0.2777810915642835,100000.0,100000.0,0.0,0.0,0,0.0,0.0
ARB-USD / MKR-USD,3.0851313165284633e-07,,100000.0,100000.0,0.0,0.0,0,0.0,0.0
ARB-USD / AVAX-USD,4.549323196361589e-05,0.7228884903164053,100000.0,99999.95527231466,-0.04472768533742055,-4.4727685337420556e-05,1,0.0,-4.4727685337420556e-05
ADA-USD / LINK-USD,0.01729184474751203,0.4697401331336881,100000.0,99920.73878667259,-79.26121332740877,-0.07926121332740876,1,0.0,-0.07926121332740876
PYTH-USD / SNX-USD,0.03793042955355115,2.3769778238868784,100000.0,99849.6388763449,-150.36112365509325,-0.15036112365509324,2,50.0,-0.7043811350473552
AVAX-USD / DOGE-USD,2.3556333138757464,2.6249146936969248,100000.0,99795.26950606905,-204.73049393095425,-0.20473049393095427,2,50.0,-1.6888325388953092
FET-USD / SHIB-USD,3.098831829444802e-06,1.7651723545011346,100000.0,99780.35762797375,-219.64237202625372,-0.21964237202625375,2,50.0,-0.7586126172553852
AR-USD / ICP-USD,1.2995675801542386,1.4875713109520807,100000.0,99605.25506759745,-394.74493240255106,-0.3947449324025511,4,50.0,-1.678262539646152
AR-USD / DOGE-USD,1.0207290090939503,3.0840750676019777,100000.0,99591.83717315982,-408.1628268401837,-0.4081628268401837,2,50.0,-1.552605495990836
ICP-USD / NEAR-USD,0.3823783006647162,0.4244022968960163,100000.0,99555.83737096896,-444.1626290310378,-0.4441626290310378,2,50.0,-1.401524642117638
NEAR-USD / RUNE-USD,3.5747709508121646,1.6124582044881728,100000.0,99421.62150295783,-578.3784970421693,-0.5783784970421694,3,33.33333333333333,-1.5516552496519078
AR-USD / AVAX-USD,0.40498789528451656,0.3859237174437145,100000.0,99408.44898831559,-591.5510116844089,-0.5915510116844089,3,33.33333333333333,-0.8087916217656741
AR-USD / SHIB-USD,5.7575137478774475e-05,3.1024586994645684,100000.0,99165.86825002474,-834.1317499752622,-0.8341317499752622,2,50.0,-1.5679892953322851
INJ-USD / SHIB-USD,8.802664677502445e-05,2.486988600771366,100000.0,99137.2217474526,-862.7782525474031,-0.8627782525474031,3,33.33333333333333,-1.4016856185253823
NEAR-USD / OP-USD,1.9513398905991417,2.7488557922805277,100000.0,98397.75786153915,-1602.242138460846,-1.602242138460846,4,25.0,-1.9615258724619506
NEAR-USD / PYTH-USD,0.9260241399519092,2.7528655263337454,100000.0,98214.52950254203,-1785.4704974579654,-1.7854704974579656,4,50.0,-2.47466390065798
NEAR-USD / SNX-USD,2.645952862495778,2.6762416789166554,100000.0,97914.11597724272,-2085.88402275728,-2.08588402275728,4,25.0,-2.570705392958676
HBAR-USD / XLM-USD,0.041377693567952206,0.8421324190797126,100000.0,97732.91519662387,-2267.0848033761285,-2.2670848033761284,2,0.0,-2.2670848033761284
NEAR-USD / SHIB-USD,5.897900777703292e-05,2.7684168993356244,100000.0,96986.26841709524,-3013.7315829047584,-3.0137315829047586,4,25.0,-3.5576656141511487
MKR-USD / TRX-USD,609.2249365929579,0.417051248036362,100000.0,67043.31958009314,-32956.68041990686,-32.95668041990686,1,0.0,-32.95668041990686
