Pair,Beta (Hedge),Half-Life (Days),Initial Capital,Final Capital,Net Profit ($),Return (%),Total Trades,Win Rate (%),Max Drawdown (%)
MSFT / QCOM,2.354990182912534,112.90564437165118,100000.0,116630.91887004669,16630.91887004669,16.630918870046692,23,69.56521739130434,-4.212476037850218
AMD / KLAC,3.2003317735980117,128.13149360311854,100000.0,114442.76290251485,14442.762902514849,14.44276290251485,19,57.89473684210527,-3.9670062360864686
GOOGL / TSM,1.102594569599847,113.3116404527682,100000.0,105550.8127511216,5550.812751121601,5.5508127511216,21,61.904761904761905,-1.5640138729875335
AMZN / TXN,1.1357090453920724,80.55320700791877,100000.0,104231.54265282086,4231.542652820863,4.231542652820862,19,52.63157894736842,-1.965068924164603
AMD / LRCX,1.863168432494907,123.36067230165635,100000.0,104111.91369694854,4111.913696948541,4.111913696948541,17,70.58823529411765,-3.014626671522249
ADI / TXN,0.9071668428661599,46.30533461724559,100000.0,102592.56554687073,2592.5655468707264,2.5925655468707265,18,72.22222222222221,-1.7571799050460273
ORCL / QCOM,0.5178408803794641,110.60064898793814,100000.0,102387.10688093794,2387.106880937936,2.3871068809379357,20,60.0,-2.5906349356177816
AAPL / MSFT,0.533090201209567,123.6134430956261,100000.0,101927.45869710002,1927.4586971000244,1.9274586971000245,15,66.66666666666666,-1.5112604947094062
AMD / TSM,0.962565884661845,164.33058307441644,100000.0,101688.64023919601,1688.6402391960146,1.6886402391960147,15,73.33333333333333,-4.001212881123965
GOOGL / LRCX,2.090213473318628,98.09622514973259,100000.0,101459.32615882433,1459.326158824333,1.4593261588243331,17,58.82352941176471,-4.669868562633559
ADI / GOOGL,1.1939031143276977,67.96404240714796,100000.0,100622.73826155995,622.738261559949,0.6227382615599489,17,58.82352941176471,-4.039022213867686
AMAT / TSM,1.093353782466817,94.75336522957318,100000.0,100463.77358528227,463.77358528226614,0.4637735852822661,23,65.21739130434783,-4.0711890657641705
GOOGL / ORCL,1.8390965310777159,65.45391088552162,100000.0,100406.79817489177,406.7981748917664,0.4067981748917664,22,50.0,-7.704967974585705
AMD / MSFT,0.3732129995554745,114.9414916369354,100000.0,100150.35525394883,150.35525394883007,0.15035525394883006,18,61.111111111111114,-6.169973101923523
AMAT / AMD,0.987061761578865,162.35780266035053,100000.0,98824.84675619783,-1175.1532438021677,-1.1751532438021677,13,46.15384615384615,-2.9652810266150165
AAPL / AMD,1.2640469397445264,151.3482090392967,100000.0,98698.0544638074,-1301.9455361925939,-1.3019455361925938,16,56.25,-5.364329058675099
ADI / ORCL,2.2340376738232,60.62560716089131,100000.0,98631.44244462445,-1368.557555375548,-1.368557555375548,20,55.00000000000001,-11.733136495475879
AVGO / GOOGL,0.42234966589970796,76.0496786524717,100000.0,97892.58222253973,-2107.417777460272,-2.107417777460272,18,55.55555555555556,-3.4437328420969857
LRCX / MSFT,0.19551195809367047,67.94738418935842,100000.0,97568.26966094639,-2431.730339053611,-2.431730339053611,18,66.66666666666666,-8.504779876725689
LRCX / TSM,0.5208505413380519,46.90247793702174,100000.0,95611.2234412672,-4388.776558732803,-4.388776558732803,17,58.82352941176471,-5.357981596159596
INTC / META,0.1495861353093956,96.32790184133506,100000.0,95565.44140038446,-4434.558599615542,-4.434558599615542,15,60.0,-9.037578065034491
MSFT / TSM,2.570643207095129,109.97018950324382,100000.0,95426.10208781854,-4573.897912181463,-4.5738979121814625,13,30.76923076923077,-6.245451339981791
AAPL / QCOM,1.3036162833885234,60.620018086420956,100000.0,94507.03560041233,-5492.964399587669,-5.4929643995876685,21,52.38095238095239,-8.197437591775877
ADI / AVGO,2.7916165432935363,81.1671987932626,100000.0,92576.18855564012,-7423.811444359875,-7.423811444359875,24,45.83333333333333,-9.77930943782075
NVDA / TSM,0.19708865152148414,146.39521180668726,100000.0,90019.70080231682,-9980.299197683184,-9.980299197683182,11,54.54545454545454,-11.18688267757208
MU / ORCL,1.1432871029486789,106.14174302449062,100000.0,89055.97600716968,-10944.02399283032,-10.944023992830319,23,52.17391304347826,-15.130183055394175
KLAC / NVDA,1.4371690352294442,118.52834657353036,100000.0,87097.14286161924,-12902.857138380758,-12.902857138380758,17,29.411764705882355,-16.130237676264475
AAPL / KLAC,4.564782832349847,44.462961092878864,100000.0,82626.46155307656,-17373.53844692344,-17.37353844692344,19,52.63157894736842,-24.616272876085084
AMZN / MU,2.1800388685090795,127.09445071540871,100000.0,80487.43798604491,-19512.56201395509,-19.512562013955087,22,59.09090909090909,-31.573554491691976
LRCX / NVDA,2.43444157299298,108.81112982055342,100000.0,79798.4189172657,-20201.581082734294,-20.201581082734293,17,47.05882352941176,-23.800413928434967
AMAT / NVDA,5.224426081482024,91.14981338800193,100000.0,63695.14577144389,-36304.85422855611,-36.30485422855611,21,52.38095238095239,-49.6043205364467
AMD / NVDA,4.8009155671248855,133.86242629606355,100000.0,52087.21204134614,-47912.78795865386,-47.912787958653865,19,63.1578947368421,-59.70324932676394
